{
  "bspecs" : {
    "basis_function_specs" : {
      "dof_specs" : {
        "occ" : {
          "site_basis_functions" : "CHEBYCHEV"
        }
      },
      "dofs" : [ "occ" ],
      "global_max_poly_order" : -1,
      "param_pack_type" : "DEFAULT"
    },
    "cluster_specs" : {
      "method" : "periodic_max_length",
      "params" : {
        "generating_group" : [ 0, 1, 2, 3, 4, 5, 6, 7, 8, 9, 10, 11, 12, 13, 14, 15 ],
        "orbit_branch_specs" : {
          "0" : {
            "max_length" : 0.000000000000
          },
          "1" : {
            "max_length" : 0.000000000000
          },
          "2" : {
            "max_length" : 3.010000000000
          },
          "3" : {
            "max_length" : 3.010000000000
          },
          "4" : {
            "max_length" : 2.510000000000
          }
        }
      }
    }
  },
  "orbits" : [
    {
      "linear_orbit_index" : 0,
      "mult" : 1,
      "prototype" : {
        "invariant_group" : [ 0, 1, 2, 3, 4, 5, 6, 7, 8, 9, 10, 11, 12, 13, 14, 15 ],
        "invariant_group_descriptions" : [
          "1",
          "4⁺ 0, 0, z",
          "4⁻ 0, 0, z",
          "2 0, 0, z",
          "2 0, y, 0",
          "2 x, 0, 0",
          "2 x, -x, 0",
          "2 x, x, 0",
          "m x, y, 0",
          "m x, 0, z",
          "m 0, y, z",
          "m x, x, z",
          "m x, -x, z",
          "-4⁺ 0, 0, z; 0.0000000 0.0000000 0.0000000",
          "-4⁻ 0, 0, z; 0.0000000 0.0000000 0.0000000",
          "-1 0.0000000 0.0000000 0.0000000"
        ],
        "max_length" : 0.000000000000,
        "min_length" : 0.000000000000,
        "sites" : [ ]
      }
    },
    {
      "linear_orbit_index" : 1,
      "mult" : 1,
      "prototype" : {
        "invariant_group" : [ 0, 1, 2, 3, 4, 5, 6, 7, 8, 9, 10, 11, 12, 13, 14, 15 ],
        "invariant_group_descriptions" : [
          "1",
          "4⁺ 0, 0, z",
          "4⁻ 0, 0, z",
          "2 0, 0, z",
          "2 0, y, 0",
          "2 x, 0, 0",
          "2 x, -x, 0",
          "2 x, x, 0",
          "m x, y, 0",
          "m x, 0, z",
          "m 0, y, z",
          "m x, x, z",
          "m x, -x, z",
          "-4⁺ 0, 0, z; 0.0000000 0.0000000 0.0000000",
          "-4⁻ 0, 0, z; 0.0000000 0.0000000 0.0000000",
          "-1 0.0000000 0.0000000 0.0000000"
        ],
        "max_length" : 0.000000000000,
        "min_length" : 0.000000000000,
        "sites" : [
          [ 0, 0, 0, 0 ]
        ]
      }
    },
    {
      "linear_orbit_index" : 2,
      "mult" : 2,
      "prototype" : {
        "invariant_group" : [ 0, 3, 4, 5, 8, 9, 10, 15 ],
        "invariant_group_descriptions" : [
          "1",
          "2 0, 0.5, z",
          "2 0, y, 0",
          "2 x, 0.5, 0",
          "m x, y, 0",
          "m x, 0.5, z",
          "m 0, y, z",
          "-1 0.0000000 0.5000000 0.0000000"
        ],
        "max_length" : 1.000000000000,
        "min_length" : 1.000000000000,
        "sites" : [
          [ 0, 0, 0, 0 ],
          [ 0, 0, 1, 0 ]
        ]
      }
    },
    {
      "linear_orbit_index" : 3,
      "mult" : 2,
      "prototype" : {
        "invariant_group" : [ 0, 3, 6, 7, 8, 11, 12, 15 ],
        "invariant_group_descriptions" : [
          "1",
          "2 0.5, -0.5, z",
          "2 x, -x, 0",
          "2 0.5+x, -0.5+x, 0",
          "m x, y, 0",
          "m 0.5+x, -0.5+x, z",
          "m x, -x, z",
          "-1  0.5000000 -0.5000000  0.0000000"
        ],
        "max_length" : 1.414213562373,
        "min_length" : 1.414213562373,
        "sites" : [
          [ 0, 0, 0, 0 ],
          [ 0, 1, -1, 0 ]
        ]
      }
    },
    {
      "linear_orbit_index" : 4,
      "mult" : 2,
      "prototype" : {
        "invariant_group" : [ 0, 3, 4, 5, 8, 9, 10, 15 ],
        "invariant_group_descriptions" : [
          "1",
          "2 0, 1, z",
          "2 0, y, 0",
          "2 x, 1, 0",
          "m x, y, 0",
          "m x, 1, z",
          "m 0, y, z",
          "-1 0.0000000 1.0000000 0.0000000"
        ],
        "max_length" : 2.000000000000,
        "min_length" : 2.000000000000,
        "sites" : [
          [ 0, 0, 0, 0 ],
          [ 0, 0, 2, 0 ]
        ]
      }
    },
    {
      "linear_orbit_index" : 5,
      "mult" : 4,
      "prototype" : {
        "invariant_group" : [ 0, 3, 8, 15 ],
        "invariant_group_descriptions" : [
          "1",
          "2 0.5, -1, z",
          "m x, y, 0",
          "-1  0.5000000 -1.0000000  0.0000000"
        ],
        "max_length" : 2.236067977500,
        "min_length" : 2.236067977500,
        "sites" : [
          [ 0, 0, 0, 0 ],
          [ 0, 1, -2, 0 ]
        ]
      }
    },
    {
      "linear_orbit_index" : 6,
      "mult" : 2,
      "prototype" : {
        "invariant_group" : [ 0, 3, 6, 7, 8, 11, 12, 15 ],
        "invariant_group_descriptions" : [
          "1",
          "2 1, -1, z",
          "2 x, -x, 0",
          "2 1+x, -1+x, 0",
          "m x, y, 0",
          "m 1+x, -1+x, z",
          "m x, -x, z",
          "-1  1.0000000 -1.0000000  0.0000000"
        ],
        "max_length" : 2.828427124746,
        "min_length" : 2.828427124746,
        "sites" : [
          [ 0, 0, 0, 0 ],
          [ 0, 2, -2, 0 ]
        ]
      }
    },
    {
      "linear_orbit_index" : 7,
      "mult" : 2,
      "prototype" : {
        "invariant_group" : [ 0, 3, 4, 5, 8, 9, 10, 15 ],
        "invariant_group_descriptions" : [
          "1",
          "2 0, 1.5, z",
          "2 0, y, 0",
          "2 x, 1.5, 0",
          "m x, y, 0",
          "m x, 1.5, z",
          "m 0, y, z",
          "-1 0.0000000 1.5000000 0.0000000"
        ],
        "max_length" : 3.000000000000,
        "min_length" : 3.000000000000,
        "sites" : [
          [ 0, 0, 0, 0 ],
          [ 0, 0, 3, 0 ]
        ]
      }
    },
    {
      "linear_orbit_index" : 8,
      "mult" : 4,
      "prototype" : {
        "invariant_group" : [ 0, 6, 8, 12 ],
        "invariant_group_descriptions" : [
          "1",
          "2 0.5+x, 0.5-x, 0",
          "m x, y, 0",
          "m 0.5+x, 0.5-x, z"
        ],
        "max_length" : 1.414213562373,
        "min_length" : 1.000000000000,
        "sites" : [
          [ 0, 0, 0, 0 ],
          [ 0, 0, 1, 0 ],
          [ 0, 1, 1, 0 ]
        ]
      }
    },
    {
      "linear_orbit_index" : 9,
      "mult" : 2,
      "prototype" : {
        "invariant_group" : [ 0, 3, 4, 5, 8, 9, 10, 15 ],
        "invariant_group_descriptions" : [
          "1",
          "2 0, 1, z",
          "2 0, y, 0",
          "2 x, 1, 0",
          "m x, y, 0",
          "m x, 1, z",
          "m 0, y, z",
          "-1 0.0000000 1.0000000 0.0000000"
        ],
        "max_length" : 2.000000000000,
        "min_length" : 1.000000000000,
        "sites" : [
          [ 0, 0, 0, 0 ],
          [ 0, 0, 1, 0 ],
          [ 0, 0, 2, 0 ]
        ]
      }
    },
    {
      "linear_orbit_index" : 10,
      "mult" : 4,
      "prototype" : {
        "invariant_group" : [ 0, 4, 8, 10 ],
        "invariant_group_descriptions" : [
          "1",
          "2 1, y, 0",
          "m x, y, 0",
          "m 1, y, z"
        ],
        "max_length" : 2.000000000000,
        "min_length" : 1.414213562373,
        "sites" : [
          [ 0, 0, 0, 0 ],
          [ 0, 1, -1, 0 ],
          [ 0, 2, 0, 0 ]
        ]
      }
    },
    {
      "linear_orbit_index" : 11,
      "mult" : 8,
      "prototype" : {
        "invariant_group" : [ 0, 8 ],
        "invariant_group_descriptions" : [
          "1",
          "m x, y, 0"
        ],
        "max_length" : 2.236067977500,
        "min_length" : 1.000000000000,
        "sites" : [
          [ 0, 0, 0, 0 ],
          [ 0, 0, 1, 0 ],
          [ 0, 1, -1, 0 ]
        ]
      }
    },
    {
      "linear_orbit_index" : 12,
      "mult" : 8,
      "prototype" : {
        "invariant_group" : [ 0, 8 ],
        "invariant_group_descriptions" : [
          "1",
          "m x, y, 0"
        ],
        "max_length" : 2.236067977500,