{
  "bspecs" : {
    "basis_function_specs" : {
      "dof_specs" : {
        "occ" : {
          "site_basis_functions" : "CHEBYCHEV"
        }
      },
      "dofs" : [ "occ" ],
      "global_max_poly_order" : -1,
      "param_pack_type" : "DEFAULT"
    },
    "cluster_specs" : {
      "method" : "periodic_max_length",
      "params" : {
        "generating_group" : [ 0, 1, 2, 3, 4, 5, 6, 7, 8, 9, 10, 11, 12, 13, 14, 15, 16, 17, 18, 19, 20, 21, 22, 23 ],
        "orbit_branch_specs" : {
          "0" : {
            "max_length" : 0.000000000000
          },
          "1" : {
            "max_length" : 0.000000000000
          },
          "2" : {
            "max_length" : 3.010000000000
          },
          "3" : {
            "max_length" : 3.010000000000
          },
          "4" : {
            "max_length" : 2.510000000000
          }
        }
      }
    }
  },
  "orbits" : [
    {
      "linear_orbit_index" : 0,
      "mult" : 1,
      "prototype" : {
        "invariant_group" : [ 0, 1, 2, 3, 4, 5, 6, 7, 8, 9, 10, 11, 12, 13, 14, 15, 16, 17, 18, 19, 20, 21, 22, 23 ],
        "invariant_group_descriptions" : [
          "1",
          "6⁺ 0, 0, z",
          "6⁻ 0, 0, z",
          "3⁺ 0, 0, z",
          "3⁻ 0, 0, z",
          "2 0, y, 0",
          "2 x, 0, 0",
          "2 x, x, 0",
          "2 0, 0, z",
          "2 x, -x, 0",
          "2 x, 2*x, 0",
          "2 2*x, x, 0",
          "m 2*x, x, z",
          "m x, 2*x, z",
          "m x, -x, z",
          "m x, y, 0",
          "m x, x, z",
          "m x, 0, z",
          "m 0, y, z",
          "-3⁺ 0, 0, z; 0.0000000 0.0000000 0.0000000",
          "-3⁻ 0, 0, z; 0.0000000 0.0000000 0.0000000",
          "-6⁺ 0, 0, z; 0.0000000 0.0000000 0.0000000",
          "-6⁻ 0, 0, z; 0.0000000 0.0000000 0.0000000",
          "-1 0.0000000 0.0000000 0.0000000"
        ],
        "max_length" : 0.000000000000,
        "min_length" : 0.000000000000,
        "sites" : [ ]
      }
    },
    {
      "linear_orbit_index" : 1,
      "mult" : 1,
      "prototype" : {
        "invariant_group" : [ 0, 1, 2, 3, 4, 5, 6, 7, 8, 9, 10, 11, 12, 13, 14, 15, 16, 17, 18, 19, 20, 21, 22, 23 ],
        "invariant_group_descriptions" : [
          "1",
          "6⁺ 0, 0, z",
          "6⁻ 0, 0, z",
          "3⁺ 0, 0, z",
          "3⁻ 0, 0, z",
          "2 0, y, 0",
          "2 x, 0, 0",
          "2 x, x, 0",
          "2 0, 0, z",
          "2 x, -x, 0",
          "2 x, 2*x, 0",
          "2 2*x, x, 0",
          "m 2*x, x, z",
          "m x, 2*x, z",
          "m x, -x, z",
          "m x, y, 0",
          "m x, x, z",
          "m x, 0, z",
          "m 0, y, z",
          "-3⁺ 0, 0, z; 0.0000000 0.0000000 0.0000000",
          "-3⁻ 0, 0, z; 0.0000000 0.0000000 0.0000000",
          "-6⁺ 0, 0, z; 0.0000000 0.0000000 0.0000000",
          "-6⁻ 0, 0, z; 0.0000000 0.0000000 0.0000000",
          "-1 0.0000000 0.0000000 0.0000000"
        ],
        "max_length" : 0.000000000000,
        "min_length" : 0.000000000000,
        "sites" : [
          [ 0, 0, 0, 0 ]
        ]
      }
    },
    {
      "linear_orbit_index" : 2,
      "mult" : 3,
      "prototype" : {
        "invariant_group" : [ 0, 5, 8, 11, 12, 15, 18, 23 ],
        "invariant_group_descriptions" : [
          "1",
          "2 0, y, 0",
          "2 0, 0.5, z",
          "2 2*x, 0.5+x, 0",
          "m 2*x, 0.5+x, z",
          "m x, y, 0",
          "m 0, y, z",
          "-1 -0.0000000  0.5000000  0.0000000"
        ],
        "max_length" : 1.000000000000,
        "min_length" : 1.000000000000,
        "sites" : [
          [ 0, 0, 0, 0 ],
          [ 0, 0, 1, 0 ]
        ]
      }
    },
    {
      "linear_orbit_index" : 3,
      "mult" : 3,
      "prototype" : {
        "invariant_group" : [ 0, 5, 8, 11, 12, 15, 18, 23 ],
        "invariant_group_descriptions" : [
          "1",
          "2 1, y, 0",
          "2 1, 0.5, z",
          "2 2*x, x, 0",
          "m 2*x, x, z",
          "m x, y, 0",
          "m 1, 0.5+y, z",
          "-1 1.0000000 0.5000000 0.0000000"
        ],
        "max_length" : 1.732050807569,
        "min_length" : 1.732050807569,
        "sites" : [
          [ 0, 0, 0, 0 ],
          [ 0, 2, 1, 0 ]
        ]
      }
    },
    {
      "linear_orbit_index" : 4,
      "mult" : 3,
      "prototype" : {
        "invariant_group" : [ 0, 5, 8, 11, 12, 15, 18, 23 ],
        "invariant_group_descriptions" : [
          "1",
          "2 0, y, 0",
          "2 0, 1, z",
          "2 2*x, 1+x, 0",
          "m 2*x, 1+x, z",
          "m x, y, 0",
          "m 0, y, z",
          "-1 -0.0000000  1.0000000  0.0000000"
        ],
        "max_length" : 1.999999999999,
        "min_length" : 1.999999999999,
        "sites" : [
          [ 0, 0, 0, 0 ],
          [ 0, 0, 2, 0 ]
        ]
      }
    },
    {
      "linear_orbit_index" : 5,
      "mult" : 6,
      "prototype" : {
        "invariant_group" : [ 0, 8, 15, 23 ],
        "invariant_group_descriptions" : [
          "1",
          "2 0.5, -1, z",
          "m x, y, 0",
          "-1  0.5000000 -1.0000000  0.0000000"
        ],
        "max_length" : 2.645751311064,
        "min_length" : 2.645751311064,
        "sites" : [
          [ 0, 0, 0, 0 ],
          [ 0, 1, -2, 0 ]
        ]
      }
    },
    {
      "linear_orbit_index" : 6,
      "mult" : 3,
      "prototype" : {
        "invariant_group" : [ 0, 5, 8, 11, 12, 15, 18, 23 ],
        "invariant_group_descriptions" : [
          "1",
          "2 0, y, 0",
          "2 0, 1.5, z",
          "2 2*x, 1.5+x, 0",
          "m 2*x, 1.5+x, z",
          "m x, y, 0",
          "m 0, y, z",
          "-1 -0.0000000  1.5000000  0.0000000"
        ],
        "max_length" : 2.999999999999,
        "min_length" : 2.999999999999,
        "sites" : [
          [ 0, 0, 0, 0 ],
          [ 0, 0, 3, 0 ]
        ]
      }
    },
    {
      "linear_orbit_index" : 7,
      "mult" : 2,
      "prototype" : {
        "invariant_group" : [ 0, 3, 4, 9, 10, 11, 12, 13, 14, 15, 21, 22 ],
        "invariant_group_descriptions" : [
          "1",
          "3⁺ 0.3333333, 0.6666667, z",
          "3⁻ 0.3333333, 0.6666667, z",
          "2 0.5+x, 0.5-x, 0",
          "2 x, 2*x, 0",
          "2 2*x, 0.5+x, 0",
          "m 2*x, 0.5+x, z",
          "m x, 2*x, z",
          "m 0.5+x, 0.5-x, z",
          "m x, y, 0",
          "-6⁺ 0.3333333, 0.6666667, z; 0.3333333 0.6666667 0.0000000",
          "-6⁻ 0.3333333, 0.6666667, z; 0.3333333 0.6666667 0.0000000"
        ],
        "max_length" : 1.000000000000,
        "min_length" : 1.000000000000,
        "sites" : [
          [ 0, 0, 0, 0 ],
          [ 0, 0, 1, 0 ],
          [ 0, 1, 1, 0 ]
        ]
      }
    },
    {
      "linear_orbit_index" : 8,
      "mult" : 6,
      "prototype" : {
        "invariant_group" : [ 0, 5, 15, 18 ],
        "invariant_group_descriptions" : [
          "1",
          "2 1, y, 0",
          "m x, y, 0",
          "m 1, 0.5+y, z"
        ],
        "max_length" : 1.732050807569,
        "min_length" : 1.000000000000,
        "sites" : [
          [ 0, 0, 0, 0 ],
          [ 0, 1, 0, 0 ],
          [ 0, 2, 1, 0 ]
        ]
      }
    },
    {
      "linear_orbit_index" : 9,
      "mult" : 2,
      "prototype" : {
        "invariant_group" : [ 0, 3, 4, 5, 6, 7, 15, 16, 17, 18, 21, 22 ],
        "invariant_group_descriptions" : [
          "1",
          "3⁺ 1, 0, z",
          "3⁻ 1, 0, z",
          "2 1, y, 0",
          "2 x, 0, 0",
          "2 0.5+x, -0.5+x, 0",
          "m x, y, 0",
          "m 0.5+x, -0.5+x, z",
          "m x, 0, z",
          "m 1, 0.5+y, z",
          "-6⁺ 1, 0, z;  1.0000000 -0.0000000  0.0000000",
          "-6⁻ 1, 0, z; 1.0000000 0.0000000 0.0000000"
        ],
        "max_length" : 1.732050807569,
        "min_length" : 1.732050807568,
        "sites" : [
          [ 0, 0, 0, 0 ],
          [ 0, 1, -1, 0 ],
          [ 0, 2, 1, 0 ]
        ]
      }
    },
    {
      "linear_orbit_index" : 10,
      "mult" : 3,